symbol,date,adjClose,close,high,low,Open,Volume
MSFT,31/12/2018,99.54019165,101.5699997,102.4000015,100.4400024,101.2900009,33173800
MSFT,2/1/2019,99.09918976,101.1200027,101.75,98.94000244,99.55000305,35329300
MSFT,3/1/2019,95.45352936,97.40000153,100.1900024,97.19999695,100.0999985,42579100
MSFT,4/1/2019,99.89300537,101.9300003,102.5100021,98.93000031,99.72000122,44060600
MSFT,7/1/2019,100.020401,102.0599976,103.2699966,100.9800034,101.6399994,35656100
MSFT,8/1/2019,100.7456131,102.8000031,103.9700012,101.7099991,103.0400009,31514400
MSFT,9/1/2019,102.1862259,104.2699966,104.8799973,103.2399979,103.8600006,32280800
MSFT,10/1/2019,101.5296326,103.5999985,103.75,102.3799973,103.2200012,30067600
MSFT,11/1/2019,100.7456131,102.8000031,103.4400024,101.6399994,103.1900024,28314200
MSFT,14/1/2019,100.0106049,102.0500031,102.8700027,101.2600021,101.9000015,28437100
MSFT,15/1/2019,102.9114532,105.0100021,105.0500031,101.8799973,102.5100021,31587600
MSFT,16/1/2019,103.2740555,105.3799973,106.2600021,104.9599991,105.2600021,29853900
MSFT,17/1/2019,103.9992752,106.1200027,106.6299973,104.7600021,105,28393000
MSFT,18/1/2019,105.5574951,107.7099991,107.9000015,105.9100037,107.4599991,37427600
MSFT,22/1/2019,103.5680618,105.6800003,107.0999985,104.8600006,106.75,32371300
MSFT,23/1/2019,104.5774689,106.7099991,107.0400009,105.3399963,106.1200027,25874300
MSFT,24/1/2019,104.0776672,106.1999969,107,105.3399963,106.8600006,23164800
MSFT,25/1/2019,105.0282822,107.1699982,107.8799973,106.1999969,107.2399979,31225600
MSFT,28/1/2019,102.9800491,105.0800018,106.4800034,104.6600037,106.2600021,29476700
MSFT,29/1/2019,100.8828278,102.9400024,104.9700012,102.1699982,104.8799973,31490500
MSFT,30/1/2019,104.2540741,106.3799973,106.3799973,104.3300018,104.6200027,49471900
MSFT,31/1/2019,102.3430405,104.4300003,105.2200012,103.1800003,103.8000031,55636400
MSFT,1/2/2019,100.7260132,102.7799988,104.0999985,102.3499985,103.7799988,35535700
MSFT,4/2/2019,103.6268539,105.7399979,105.8000031,102.7699966,102.8700027,31315100
MSFT,5/2/2019,105.0772858,107.2200012,107.2699966,105.9599991,106.0599976,27325400
MSFT,6/2/2019,103.9110641,106.0299988,107,105.5299988,107,20609800
MSFT,7/2/2019,103.1662521,105.2699966,105.5899963,104.2900009,105.1900024,29760700
MSFT,8/2/2019,103.5582657,105.6699982,105.7799988,104.2600021,104.3899994,21461100
MSFT,11/2/2019,103.1466446,105.25,106.5800018,104.9700012,106.1999969,18914100
MSFT,12/2/2019,104.753891,106.8899994,107.1399994,105.4800034,106.1399994,25056600
MSFT,13/2/2019,104.6754761,106.8099976,107.7799988,106.7099991,107.5,18394900
MSFT,14/2/2019,104.7636795,106.9000015,107.2900009,105.6600037,106.3099976,21784700
MSFT,15/2/2019,106.0572968,108.2200012,108.3000031,107.3600006,107.9100037,26606900
MSFT,19/2/2019,106.0083008,108.1699982,108.6600037,107.7799988,107.7900009,18038500
MSFT,20/2/2019,105.4571457,107.1500015,107.9400024,106.2900009,107.8600006,21607700
MSFT,21/2/2019,107.6814499,109.4100037,109.4800034,106.8700027,106.9000015,29063200
MSFT,22/2/2019,109.2167892,110.9700012,111.1999969,109.8199997,110.0500031,27763200
MSFT,25/2/2019,109.8269958,111.5899963,112.1800003,111.2600021,111.7600021,23750600
MSFT,26/2/2019,110.5848312,112.3600006,113.2399979,111.1699982,111.2600021,21536700
MSFT,27/2/2019,110.3978348,112.1699982,112.3600006,110.8799973,111.6900024,21487100
MSFT,28/2/2019,110.2600479,112.0299988,112.8799973,111.7300034,112.0400009,29083900
MSFT,1/3/2019,110.7521515,112.5299988,113.0199966,111.6699982,112.8899994,23501200
MSFT,4/3/2019,110.486412,112.2600021,113.25,110.8000031,113.0199966,26608000
MSFT,5/3/2019,109.935257,111.6999969,112.3899994,111.2300034,112.25,19538300
MSFT,6/3/2019,109.9844742,111.75,112.6600037,111.4300003,111.8700027,17687000
MSFT,7/3/2019,108.6459579,110.3899994,111.5500031,109.8700027,111.4000015,25339000
MSFT,8/3/2019,108.764061,110.5100021,110.7099991,108.8000031,109.1600037,22818400
MSFT,11/3/2019,111.0474167,112.8300018,112.9499969,110.9800034,110.9899979,26491600
MSFT,12/3/2019,111.8249283,113.6200027,113.9899979,112.6500015,112.8199997,26132700
MSFT,13/3/2019,112.6910248,114.5,115,113.7799988,114.1299973,35513800
MSFT,14/3/2019,112.7796021,114.5899963,115.1999969,114.3300018,114.5400009,30763400
MSFT,15/3/2019,114.0787506,115.9100037,117.25,114.5899963,115.3399963,54681100
MSFT,18/3/2019,115.7125168,117.5699997,117.6100006,116.0500031,116.1699982,31207600
MSFT,19/3/2019,115.7912598,117.6500015,118.4400024,116.9899979,118.0899963,37588700
MSFT,20/3/2019,115.6633072,117.5199966,118.75,116.7099991,117.3899994,28113300
MSFT,21/3/2019,118.3206635,120.2200012,120.8199997,117.0899963,117.1399994,29854400
MSFT,22/3/2019,115.200737,117.0500031,119.5899963,117.0400009,119.5,33624500
MSFT,25/3/2019,115.8011169,117.6600037,118.0100021,116.3199997,116.5599976,27067100
MSFT,26/3/2019,116.0471497,117.9100037,118.7099991,116.8499985,118.6200027,26097700
MSFT,27/3/2019,114.9251556,116.7699966,118.2099991,115.5199966,117.8799973,22733400
MSFT,28/3/2019,115.0826263,116.9300003,117.5800018,116.1299973,117.4400024,18334800
MSFT,29/3/2019,116.076683,117.9400024,118.3199997,116.9599991,118.0699997,25399800
MSFT,1/4/2019,117.1396103,119.0199966,119.1100006,118.0999985,118.9499969,22789100
MSFT,2/4/2019,117.3069229,119.1900024,119.4800034,118.5199966,119.0599976,18142300
MSFT,3/4/2019,118.0746155,119.9700012,120.4300003,119.1500015,119.8600006,22860700
MSFT,4/4/2019,117.4742508,119.3600006,120.2300034,118.3799973,120.0999985,20112800
MSFT,5/4/2019,117.9958725,119.8899994,120.2300034,119.3700027,119.3899994,15826200
MSFT,8/4/2019,118.0352325,119.9300003,120.0199966,118.6399994,119.8099976,15116200
MSFT,9/4/2019,117.3955002,119.2799988,119.5400009,118.5800018,118.6299973,17612000
MSFT,10/4/2019,118.2911377,120.1900024,120.3499985,119.5400009,119.7600021,16477200
MSFT,11/4/2019,118.4289169,120.3300018,120.8499985,119.9199982,120.5400009,14209100
MSFT,12/4/2019,119.0391235,120.9499969,120.9800034,120.3700027,120.6399994,19745100
MSFT,15/4/2019,119.1375427,121.0500031,121.5800018,120.5699997,120.9400024,15792600
MSFT,16/4/2019,118.8619614,120.7699966,121.6500015,120.0999985,121.6399994,14071800
MSFT,17/4/2019,119.8461685,121.7699966,121.8499985,120.5400009,121.2399979,19300900
MSFT,18/4/2019,121.4208908,123.3700027,123.5199966,121.3000031,122.1900024,27991000
MSFT,22/4/2019,121.8047256,123.7600021,124,122.5699997,122.6200027,15648700
MSFT,23/4/2019,123.4581909,125.4400024,125.5800018,123.8300018,124.0999985,24025500
MSFT,24/4/2019,123.0349808,125.0100021,125.8499985,124.5199966,125.7900009,31257000
MSFT,25/4/2019,127.1095734,129.1499939,131.3699951,128.8300018,130.0599976,38033900
MSFT,26/4/2019,127.8378754,129.8899994,130.5200043,129.0200043,129.6999969,23654900
MSFT,29/4/2019,127.71978,129.7700043,130.1799927,129.3500061,129.8999939,16324200
MSFT,30/4/2019,128.5366669,130.6000061,130.6999969,129.3899994,129.8099976,24166500
MSFT,1/5/2019,125.8596268,127.8799973,130.6499939,127.6999969,130.5299988,26821700
MSFT,2/5/2019,124.2160187,126.2099991,128,125.5199966,127.9800034,27350200
MSFT,3/5/2019,126.8635178,128.8999939,129.4299927,127.25,127.3600006,24911100
MSFT,6/5/2019,126.1253586,128.1499939,128.5599976,126.1100006,126.3899994,24239800
MSFT,7/5/2019,123.536911,125.5199966,127.1800003,124.2200012,126.4599991,36017700
MSFT,8/5/2019,123.5270844,125.5100021,126.3700027,124.75,125.4400024,28419000
MSFT,9/5/2019,123.5172424,125.5,125.7900009,123.5699997,124.2900009,27235800
MSFT,10/5/2019,125.1214905,127.1299973,127.9300003,123.8199997,124.9100037,30915100
MSFT,13/5/2019,121.4011993,123.3499985,125.5500031,123.0400009,124.1100006,33944900
MSFT,14/5/2019,122.759407,124.7300034,125.8799973,123.6999969,123.8700027,25266300
MSFT,15/5/2019,124.4881287,126.0199966,126.7099991,123.6999969,124.2600021,24722700
MSFT,16/5/2019,127.3627548,128.9299927,129.3800049,126.4599991,126.75,30112200
MSFT,17/5/2019,126.5132217,128.0700073,130.4600067,127.9199982,128.3099976,25770500
MSFT,20/5/2019,124.6857071,126.2200012,127.5899963,125.7600021,126.5199966,23706900
MSFT,21/5/2019,125.3574448,126.9000015,127.5299988,126.5800018,127.4300003,15293300
MSFT,22/5/2019,126.1180725,127.6699982,128.2400055,126.5199966,126.6200027,15396500
MSFT,23/5/2019,124.6461945,126.1800003,126.2900009,124.7399979,126.1999969,23603800
MSFT,24/5/2019,124.705452,126.2399979,127.4199982,125.9700012,126.9100037,14123400
MSFT,28/5/2019,124.626442,126.1600037,128,126.0500031,126.9800034,23128400
MSFT,29/5/2019,123.4212646,124.9400024,125.3899994,124.0400009,125.3799973,22763100
MSFT,30/5/2019,124.2016525,125.7300034,125.7600021,124.7799988,125.2600021,16829600
MSFT,31/5/2019,122.1765747,123.6800003,124.6200027,123.3199997,124.2300034,26646800
MSFT,3/6/2019,118.3832474,119.8399963,124.3700027,119.0100021,123.8499985,37983600
MSFT,4/6/2019,121.6629028,123.1600037,123.2799988,120.6500015,121.2799988,29382600
MSFT,5/6/2019,124.3004456,125.8300018,125.8700027,124.2099991,124.9499969,24926100
MSFT,6/6/2019,126.2662506,127.8199997,127.9700012,125.5999985,126.4400024,21459000
MSFT,7/6/2019,129.8027191,131.3999939,132.25,128.2599945,129.1900024,33885600
MSFT,10/6/2019,130.9881592,132.6000061,134.0800018,132,132.3999939,26477100
MSFT,11/6/2019,130.4942322,132.1000061,134.2400055,131.2799988,133.8800049,23913700
MSFT,12/6/2019,129.8916473,131.4900055,131.9700012,130.7100067,131.3999939,17084700
MSFT,13/6/2019,130.7115479,132.3200073,133,131.5599976,131.9799957,17200800
MSFT,14/6/2019,130.8399811,132.4499969,133.7899933,131.6399994,132.2599945,17821700
MSFT,17/6/2019,131.2351227,132.8500061,133.7299957,132.5299988,132.6300049,14517800
MSFT,18/6/2019,133.5170288,135.1600037,135.2400055,133.5700073,134.1900024,25934500
MSFT,19/6/2019,134.0406036,135.6900024,135.9299927,133.8099976,135,23744400
MSFT,20/6/2019,135.2852478,136.9499969,137.6600037,135.7200012,137.4499969,33042600
MSFT,21/6/2019,135.3050385,136.9700012,137.7299957,136.4600067,136.5800018,36727900
MSFT,24/6/2019,136.1051788,137.7799988,138.3999939,137,137,20628800
MSFT,25/6/2019,131.8080444,133.4299927,137.5899963,132.7299957,137.25,33327400
MSFT,26/6/2019,132.3019714,133.9299927,135.7400055,133.6000061,134.3500061,23657700
MSFT,27/6/2019,132.5192871,134.1499939,134.7100067,133.5099945,134.1399994,16557500
MSFT,28/6/2019,132.3316193,133.9600067,134.6000061,133.1600037,134.5700073,30043000
MSFT,1/7/2019,134.0307007,135.6799927,136.6999969,134.9700012,136.6300049,22654200
MSFT,2/7/2019,134.919754,136.5800018,136.5899963,135.3399963,136.1199951,15237800
MSFT,3/7/2019,135.7890625,137.4600067,137.7400055,136.2899933,136.8000031,13629300
MSFT,5/7/2019,135.3939362,137.0599976,137.3300018,135.7200012,135.9400024,18141100
MSFT,8/7/2019,135.2951508,136.9600067,137.1000061,135.3699951,136.3999939,16779700
MSFT,9/7/2019,134.801239,136.4600067,136.9700012,135.8000031,136,19953100
MSFT,10/7/2019,136.1743469,137.8500061,138.5800018,137.0200043,137.1300049,24204400
MSFT,11/7/2019,136.7176361,138.3999939,139.2200012,137.8699951,138.1999969,22327900
MSFT,12/7/2019,137.2115631,138.8999939,139.1300049,138.0099945,138.8500061,18936800
MSFT,15/7/2019,137.2115631,138.8999939,139.5399933,138.4600067,139.4400024,16651500
MSFT,16/7/2019,135.413681,137.0800018,139.0500031,136.5200043,138.9600067,22726100
MSFT,17/7/2019,134.6135406,136.2700043,137.9299927,136.2200012,137.6999969,20211000
MSFT,18/7/2019,134.7617188,136.4199982,136.6199951,134.6699982,135.5500031,30808700
MSFT,19/7/2019,134.9592743,136.6199951,140.6699982,136.4499969,140.2200012,48992400
MSFT,22/7/2019,136.7472687,138.4299927,139.1900024,137.3300018,137.4100037,25074900
MSFT,23/7/2019,137.596817,139.2899933,139.9900055,138.0299988,139.7599945,18034600
MSFT,24/7/2019,139.0094452,140.7200012,140.7400055,138.8500061,138.8999939,20738300
MSFT,25/7/2019,138.4858856,140.1900024,140.6100006,139.3200073,140.4299927,18356900
MSFT,26/7/2019,139.6219025,141.3399963,141.6799927,140.3000031,140.3699951,19037600
MSFT,29/7/2019,139.3156738,141.0299988,141.5099945,139.3699951,141.5,16605900
MSFT,30/7/2019,138.6439362,140.3500061,141.2200012,139.8000031,140.1399994,16846500
MSFT,31/7/2019,134.6135406,136.2700043,140.4900055,135.0800018,140.3300018,38598800
MSFT,1/8/2019,136.3817596,138.0599976,140.9400024,136.9299927,137,40557500
MSFT,2/8/2019,135.2358551,136.8999939,138.3200073,135.2599945,138.0899963,30791600
MSFT,5/8/2019,130.60289,132.2100067,133.9299927,130.7799988,133.3000031,42749600
MSFT,6/8/2019,133.0527496,134.6900024,135.6799927,133.2100067,133.8000031,32696700
MSFT,7/8/2019,133.6355438,135.2799988,135.6499939,131.8300018,133.7899933,33414500
MSFT,8/8/2019,137.2016907,138.8899994,138.9900055,135.9299927,136.6000061,27496500
MSFT,9/8/2019,136.0360413,137.7100067,139.3800049,136.4600067,138.6100006,23466700
MSFT,12/8/2019,134.1393585,135.7899933,137.8600006,135.2400055,137.0700073,20476600
MSFT,13/8/2019,136.9152222,138.6000061,138.8000031,135,136.0500031,25154600
MSFT,14/8/2019,132.7920837,133.9799957,136.9199982,133.6699982,136.3600006,32527300
MSFT,15/8/2019,132.494751,133.6799927,134.5800018,132.25,134.3899994,28074400
MSFT,16/8/2019,134.9230499,136.1300049,136.4600067,134.7200012,134.8800049,24449100
MSFT,19/8/2019,137.1828308,138.4100037,138.5500031,136.8899994,137.8500061,24355700
MSFT,20/8/2019,136.0430145,137.2599945,138.7100067,137.2400055,138.2100067,21170800
MSFT,21/8/2019,137.559433,138.7899933,139.4900055,138,138.5500031,14970300
MSFT,22/8/2019,136.5583954,137.7799988,139.1999969,136.2899933,138.6600037,18697000
MSFT,23/8/2019,132.2073212,133.3899994,138.3500061,132.8000031,137.1900024,38508600
MSFT,26/8/2019,134.2490692,135.4499969,135.5599976,133.8999939,134.9900055,20312600
MSFT,27/8/2019,134.5364838,135.7400055,136.7200012,134.6600037,136.3899994,23102100
MSFT,28/8/2019,134.358078,135.5599976,135.7599945,133.5500031,134.8800049,17393300
MSFT,29/8/2019,136.8953857,138.1199951,138.4400024,136.9100037,137.25,20168700
MSFT,30/8/2019,136.6377106,137.8600006,139.1799927,136.2700043,139.1499939,23940100
MSFT,3/9/2019,134.8338318,136.0399933,137.1999969,135.6999969,136.6100006,18869300
MSFT,4/9/2019,136.4097443,137.6300049,137.6900024,136.4799957,137.3000031,17995900
MSFT,5/9/2019,138.8082733,140.0500031,140.3800049,138.7599945,139.1100006,26101800
MSFT,6/9/2019,137.8666992,139.1000061,140.1799927,138.1999969,140.0299988,20824500
MSFT,9/9/2019,136.3007202,137.5200043,139.75,136.4600067,139.5899963,25773900
MSFT,10/9/2019,134.8734894,136.0800018,136.8899994,134.5099945,136.8000031,28903400
MSFT,11/9/2019,134.9131012,136.1199951,136.2700043,135.0899963,135.9100037,24726100
MSFT,12/9/2019,136.3007202,137.5200043,138.4199982,136.8699951,137.8500061,27010000
MSFT,13/9/2019,136.102478,137.3200073,138.0599976,136.5700073,137.7799988,23363100
MSFT,16/9/2019,135.1212616,136.3300018,136.6999969,135.6600037,135.8300018,16731400
MSFT,17/9/2019,136.171875,137.3899994,137.5200043,136.4299927,136.9600067,17814200
MSFT,18/9/2019,137.2918396,138.5200043,138.6699982,136.5299988,137.3600006,23982100
MSFT,19/9/2019,139.8192444,141.0700073,142.3699951,140.0700073,140.3000031,35772100
MSFT,20/9/2019,138.2036896,139.4400024,141.6499939,138.25,141.0099945,39167300
MSFT,23/9/2019,137.9063416,139.1399994,139.6300049,138.4400024,139.2299957,17139300
MSFT,24/9/2019,136.1619568,137.3800049,140.6900024,136.8800049,140.3600006,29773200
MSFT,25/9/2019,138.1243896,139.3600006,139.9600067,136.0299988,137.5,21382000
MSFT,26/9/2019,138.3027954,139.5399933,140.1799927,138.4400024,139.4400024,17456600
MSFT,27/9/2019,136.5088348,137.7299957,140.3600006,136.6499939,140.1499939,22477700
MSFT,30/9/2019,137.7973175,139.0299988,139.2200012,137.7799988,138.0500031,17280900
MSFT,1/10/2019,135.8547058,137.0700073,140.25,137,139.6600037,21466600
MSFT,2/10/2019,133.4561462,134.6499939,136.3699951,133.5800018,136.25,30521700
MSFT,3/10/2019,135.071701,136.2799988,136.75,133.2200012,134.9499969,24132900
MSFT,4/10/2019,136.8953857,138.1199951,138.25,136.4199982,136.75,22897700
MSFT,7/10/2019,135.9042511,137.1199951,138.1799927,137.0200043,137.1399994,15303700
MSFT,8/10/2019,134.4671173,135.6699982,137.7599945,135.6199951,137.0800018,25550500
MSFT,9/10/2019,137.014328,138.2400055,138.6999969,136.9700012,137.4600067,19749900
MSFT,10/10/2019,137.8666992,139.1000061,139.6699982,138.25,138.4900055,17654600
MSFT,11/10/2019,138.4415436,139.6799927,141.0299988,139.5,140.1199951,25446000
MSFT,14/10/2019,138.3127136,139.5500031,140.2899933,139.5200043,139.6900024,13304300
MSFT,15/10/2019,140.3148041,141.5700073,141.7899933,139.8099976,140.0599976,19695700
MSFT,16/10/2019,139.1650848,140.4100037,140.9900055,139.5299988,140.7899933,20751600
MSFT,17/10/2019,138.4514618,139.6900024,141.4199982,139.0200043,140.9499969,21460600
MSFT,18/10/2019,136.1916809,137.4100037,140,136.5599976,139.7599945,32273500
MSFT,21/10/2019,137.2026215,138.4299927,138.5,137.0099945,138.4499969,20078200
MSFT,22/10/2019,135.1609039,136.3699951,140.0099945,136.2599945,138.9700012,27431000
MSFT,23/10/2019,136.0232086,137.2400055,137.4499969,135.6100006,136.8800049,29844600
MSFT,24/10/2019,138.6992645,139.9400024,140.4199982,138.6699982,139.3899994,37029300
MSFT,25/10/2019,139.4822388,140.7299957,141.1399994,139.1999969,139.3399963,25959700
MSFT,28/10/2019,142.9115753,144.1900024,145.6699982,143.5099945,144.3999939,35280100
MSFT,29/10/2019,141.5636292,142.8300018,144.5,142.6499939,144.0800018,20589500
MSFT,30/10/2019,143.3278503,144.6100006,145,142.7899933,143.5200043,18496600
MSFT,31/10/2019,142.0988312,143.3699951,144.9299927,142.9900055,144.8999939,24605100
MSFT,1/11/2019,142.4457397,143.7200012,144.4199982,142.9700012,144.2599945,33128400
MSFT,4/11/2019,143.2683868,144.5500031,145,144.1600037,144.8300018,16912000
MSFT,5/11/2019,143.1791992,144.4600067,145.0200043,143.9100037,144.9700012,18250200
MSFT,6/11/2019,142.7827148,144.0599976,144.5200043,143.1999969,144.3699951,16575800
MSFT,7/11/2019,142.9809418,144.2599945,144.8800049,143.7700043,143.8399963,17786700
MSFT,8/11/2019,144.6658783,145.9600067,145.9900055,143.7599945,143.9799957,16732700
MSFT,11/11/2019,144.8145447,146.1100006,146.4199982,144.7299957,145.3399963,14362600
MSFT,12/11/2019,145.766037,147.0700073,147.5700073,146.0599976,146.2799988,18641600
MSFT,13/11/2019,146.0039063,147.3099976,147.4600067,146.2799988,146.7400055,16919200
MSFT,14/11/2019,146.7472534,148.0599976,148.4100037,147,147.0200043,19729800
MSFT,15/11/2019,148.6403351,149.9700012,149.9900055,148.2700043,148.9299927,23485700
MSFT,18/11/2019,149.0070496,150.3399963,150.5500031,148.9799957,150.0700073,21534000
MSFT,19/11/2019,149.0565948,150.3899994,151.3300018,150.1999969,150.8800049,23935700
MSFT,20/11/2019,148.7980194,149.6199951,150.8399963,148.4600067,150.3099976,25696800
MSFT,21/11/2019,148.658783,149.4799957,149.8000031,148.5,149.3999939,18576100
MSFT,22/11/2019,148.7681885,149.5899963,150.3000031,148.8200073,150.0700073,15901800
MSFT,25/11/2019,150.3991852,151.2299957,151.3500061,149.9199982,150,22420900
MSFT,26/11/2019,151.1947937,152.0299988,152.4199982,151.3200073,151.3600006,24620100
MSFT,27/11/2019,151.4832001,152.3200073,152.5,151.5200043,152.3300018,15184400
MSFT,29/11/2019,150.5483704,151.3800049,152.3000031,151.2799988,152.1000061,11977300
MSFT,2/12/2019,148.7284241,149.5500031,151.8300018,148.3200073,151.8099976,27418400
MSFT,3/12/2019,148.4897308,149.3099976,149.4299927,146.6499939,147.4900055,24066000
MSFT,4/12/2019,149.0267639,149.8500061,150.1799927,149.1999969,150.1399994,17574700
MSFT,5/12/2019,149.1063232,149.9299927,150.3200073,149.4799957,150.0500031,17869100
MSFT,6/12/2019,150.9163208,151.75,151.8699951,150.2700043,150.9900055,16403500
MSFT,9/12/2019,150.5284729,151.3600006,152.2100067,150.9100037,151.0700073,16687400
MSFT,10/12/2019,150.2997437,151.1300049,151.8899994,150.7599945,151.2899933,16476100
MSFT,11/12/2019,150.8665924,151.6999969,151.8699951,150.3300018,151.5399933,18856600
MSFT,12/12/2019,152.3981476,153.2400055,153.4400024,151.0200043,151.6499939,24612100
MSFT,13/12/2019,153.6810608,154.5299988,154.8899994,152.8300018,153,23845400
MSFT,16/12/2019,154.6755524,155.5299988,155.8999939,154.8200073,155.1100006,24144200
MSFT,17/12/2019,153.8401794,154.6900024,155.7100067,154.4499969,155.4499969,25425600
MSFT,18/12/2019,153.5219421,154.3699951,155.4799957,154.1799927,154.3000031,24129200
MSFT,19/12/2019,154.8545837,155.7100067,155.7700043,153.75,154,24958900
MSFT,20/12/2019,156.5452423,157.4100037,158.4900055,156.2899933,157.3500061,53477500
MSFT,23/12/2019,156.5452423,157.4100037,158.1199951,157.2700043,158.1199951,17718200
MSFT,24/12/2019,156.5153961,157.3800049,157.7100067,157.1199951,157.4799957,8989200
MSFT,26/12/2019,157.7983093,158.6699982,158.7299957,157.3999939,157.5599976,14520600
MSFT,27/12/2019,158.086731,158.9600067,159.5500031,158.2200012,159.4499969,18412800
MSFT,30/12/2019,156.7242432,157.5899963,159.0200043,156.7299957,158.9900055,16348400
MSFT,31/12/2019,156.8336334,157.6999969,157.7700043,156.4499969,156.7700043,18369400
MSFT,2/1/2020,159.7375946,160.6199951,160.7299957,158.3300018,158.7799988,22622100
MSFT,3/1/2020,157.7485809,158.6199951,159.9499969,158.0599976,158.3200073,21116200
MSFT,6/1/2020,158.1563416,159.0299988,159.1000061,156.5099945,157.0800018,20813700
MSFT,7/1/2020,156.7143097,157.5800018,159.6699982,157.3200073,159.3200073,21634100
MSFT,8/1/2020,159.210495,160.0899963,160.8000031,157.9499969,158.9299927,27746500
MSFT,9/1/2020,161.1995087,162.0899963,162.2200012,161.0299988,161.8399963,21385000
MSFT,10/1/2020,160.4536438,161.3399963,163.2200012,161.1799927,162.8200073,20725900
MSFT,13/1/2020,162.3829803,163.2799988,163.3099976,161.2599945,161.7599945,21626500
MSFT,14/1/2020,161.2393036,162.1300049,163.6000061,161.7200012,163.3899994,23477400
MSFT,15/1/2020,162.2835388,163.1799927,163.9400024,162.5700073,162.6199951,21417900
MSFT,16/1/2020,165.2571106,166.1699982,166.2400055,164.0299988,164.3500061,23865400
MSFT,17/1/2020,166.1820068,167.1000061,167.4700012,165.4299927,167.4199982,34371700
MSFT,21/1/2020,165.5852966,166.5,168.1900024,166.4299927,166.6799927,29517200
MSFT,22/1/2020,164.7896881,165.6999969,167.4900055,165.6799927,167.3999939,24109700
MSFT,23/1/2020,165.8040924,166.7200012,166.8000031,165.2700043,166.1900024,19680800
MSFT,24/1/2020,164.133316,165.0399933,167.5299988,164.4499969,167.5099945,24918100
MSFT,27/1/2020,161.3884735,162.2799988,163.3800049,160.1999969,161.1499939,32078100
MSFT,28/1/2020,164.5510254,165.4600067,165.7599945,163.0700073,163.7799988,24899900
MSFT,29/1/2020,167.1168213,168.0399933,168.75,165.6900024,167.8399963,34754500
MSFT,30/1/2020,171.8307953,172.7799988,174.0500031,170.7899933,174.0500031,51597500
MSFT,31/1/2020,169.2947998,170.2299957,172.3999939,169.5800018,172.2100067,36142700
MSFT,3/2/2020,173.4220123,174.3800049,174.5,170.3999939,170.4299927,30149100
MSFT,4/2/2020,179.1304779,180.1199951,180.6399994,176.3099976,177.1399994,36433300
MSFT,5/2/2020,178.9116821,179.8999939,184.1999969,178.4100037,184.0299988,39186300
MSFT,6/2/2020,182.6212006,183.6300049,183.8200073,180.0599976,180.9700012,27751400
MSFT,7/2/2020,182.8797607,183.8899994,185.6300049,182.4799957,182.8500061,33529100
MSFT,10/2/2020,187.6633301,188.6999969,188.8399963,183.25,183.5800018,35844300
MSFT,11/2/2020,183.4267426,184.4400024,190.6999969,183.5,190.6499939,53159900
MSFT,12/2/2020,183.6952515,184.7100067,185.8500061,181.8500061,185.5800018,47062900
MSFT,13/2/2020,182.7007599,183.7100067,186.2299957,182.8699951,183.0800018,35295800
MSFT,14/2/2020,184.3317413,185.3500061,185.4100037,182.6499939,183.25,23149500
MSFT,18/2/2020,186.201416,187.2299957,187.6999969,185.5,185.6100006,27792200
MSFT,19/2/2020,186.7598572,187.2799988,188.1799927,186.4700012,188.0599976,29997500
MSFT,20/2/2020,183.9078064,184.4199982,187.25,181.1000061,186.9499969,36862400
MSFT,21/2/2020,178.0939941,178.5899963,183.5,177.25,183.1699982,48572600
MSFT,24/2/2020,170.4153748,170.8899994,174.5500031,163.2299957,167.7700043,68311100
MSFT,25/2/2020,167.6032257,168.0700073,174.8399963,167.6499939,174.1999969,68073300
MSFT,26/2/2020,169.6973724,170.1699982,173.2599945,168.2100067,169.7100067,56206100
MSFT,27/2/2020,157.7406769,158.1799927,167.0299988,157.9799957,163.3200073,93033600
MSFT,28/2/2020,161.5600433,162.0099945,163.7100067,152,152.4100037,97073600
MSFT,2/3/2020,172.3101044,172.7899933,172.9199982,162.3099976,165.3099976,71030800
MSFT,3/3/2020,164.0531006,164.5099945,175,162.2599945,173.8000031,71677000
MSFT,4/3/2020,170.0763245,170.5500031,170.6999969,165.6199951,168.4900055,49814400
MSFT,5/3/2020,165.8082123,166.2700043,170.8699951,165.6900024,166.0500031,47817300
MSFT,6/3/2020,161.1212769,161.5700073,163.1100006,156,162.6100006,72821100
MSFT,9/3/2020,150.2016754,150.6199951,157.75,150,151,70419300
MSFT,10/3/2020,160.4730682,160.9199982,161.0299988,152.5800018,158.1600037,65354400
MSFT,11/3/2020,153.2033234,153.6300049,157.6999969,151.1499939,157.1300049,56371600
MSFT,12/3/2020,138.6737823,139.0599976,153.4700012,138.5800018,145.3000031,93226400
MSFT,13/3/2020,158.3888702,158.8300018,161.9100037,140.7299957,147.5,92727400
MSFT,16/3/2020,135.0438843,135.4199982,149.3500061,135,140,87905900
MSFT,17/3/2020,146.1629333,146.5700073,147.5,135,140,81059800
MSFT,18/3/2020,140.0100555,140.3999939,146,135.0200043,138,81593200
MSFT,19/3/2020,142.3136597,142.7100067,150.1499939,139,142.7700043,85922700
MSFT,20/3/2020,136.9685364,137.3500061,147.1000061,135.8600006,146,84866200
MSFT,23/3/2020,135.6023407,135.9799957,140.5700073,132.5200043,137.0099945,78975200
MSFT,24/3/2020,147.928009,148.3399963,149.6000061,141.2700043,143.75,82516700
MSFT,25/3/2020,146.5119476,146.9199982,154.3300018,144.4400024,148.9100037,75638200
MSFT,26/3/2020,155.6764374,156.1100006,156.6600037,148.3699951,148.3999939,64568100
MSFT,27/3/2020,149.2842255,149.6999969,154.8899994,149.1999969,151.75,57042300
MSFT,30/3/2020,159.7849884,160.2299957,160.6000061,150.0099945,152.4400024,63420300
MSFT,31/3/2020,157.2719879,157.7100067,164.7799988,156.5599976,159.3999939,77927200
MSFT,1/4/2020,151.6875458,152.1100006,157.75,150.8200073,153,57969900
MSFT,2/4/2020,154.8287811,155.2599945,155.4799957,150.3600006,151.8600006,49630700
MSFT,3/4/2020,153.402771,153.8300018,157.3800049,152.1900024,155.1000061,41243300
MSFT,6/4/2020,164.8109894,165.2700043,166.5,157.5800018,160.3200073,67111700
MSFT,7/4/2020,163.0359344,163.4900055,170,163.2599945,169.5899963,62769000
MSFT,8/4/2020,164.6713867,165.1300049,166.6699982,163.5,165.6699982,48318200
MSFT,9/4/2020,164.6813507,165.1399994,167.3699951,163.3300018,166.3600006,51431800
MSFT,13/4/2020,165.0503235,165.5099945,165.5700073,162.3000031,164.3500061,41905300
MSFT,14/4/2020,173.2175751,173.6999969,173.75,168,169,52874300
MSFT,15/4/2020,171.4026337,171.8800049,173.5700073,169.2400055,171.1999969,40940800
MSFT,16/4/2020,176.5482941,177.0399933,177.2799988,172.8999939,174.3000031,50479600
MSFT,17/4/2020,178.1039734,178.6000061,180,175.8699951,179.5,52765600
MSFT,20/4/2020,174.5737915,175.0599976,178.75,174.9900055,176.6300049,36669600
MSFT,21/4/2020,167.3539124,167.8200073,173.6699982,166.1100006,173.5,56203700
MSFT,22/4/2020,173.0380859,173.5200043,174,170.8200073,171.3899994,34651600
MSFT,23/4/2020,170.9439087,171.4199982,175.0599976,170.9100037,174.1100006,32790800
MSFT,24/4/2020,174.0652161,174.5500031,174.5599976,170.7100067,172.0599976,34305300
MSFT,27/4/2020,173.5666046,174.0500031,176.8999939,173.3000031,176.5899963,33194400
MSFT,28/4/2020,169.3383789,169.8099976,175.6699982,169.3899994,175.5899963,34392700
MSFT,29/4/2020,176.9372101,177.4299927,177.6799927,171.8800049,173.2200012,51286600
MSFT,30/4/2020,178.7122803,179.2100067,180.3999939,176.2299957,180,53661300
MSFT,1/5/2020,174.0851746,174.5700073,178.6399994,174.0099945,175.8000031,39370500
MSFT,4/5/2020,178.3432922,178.8399963,179,173.8000031,174.4900055,30372900
MSFT,5/5/2020,180.2579651,180.7599945,183.6499939,179.8999939,180.6199951,36839200
MSFT,6/5/2020,182.03302,182.5399933,184.1999969,181.6300049,182.0800018,32139300
MSFT,7/5/2020,183.0900879,183.6000061,184.5500031,182.5800018,184.1699982,28316000
MSFT,8/5/2020,184.1670685,184.6799927,185,183.3600006,184.9799957,30912600
MSFT,11/5/2020,186.2213593,186.7400055,187.5099945,182.8500061,183.1499939,30809400
MSFT,12/5/2020,182.0030975,182.5099945,187.0399933,182.3000031,186.8000031,32038200
MSFT,13/5/2020,179.2507782,179.75,184.0500031,176.5399933,182.5500031,44711500
MSFT,14/5/2020,180.0286102,180.5299988,180.6900024,175.6799927,177.5399933,41873900
MSFT,15/5/2020,182.6513062,183.1600037,187.0599976,177,179.0599976,46610400
MSFT,18/5/2020,184.3964386,184.9100037,186.1999969,183.9600067,185.75,35306600
MSFT,19/5/2020,183.1199951,183.6300049,186.6000061,183.4900055,185.0299988,26799100
MSFT,20/5/2020,185.6600037,185.6600037,185.8500061,183.9400024,184.8099976,31261300
MSFT,21/5/2020,183.4299927,183.4299927,186.6699982,183.2899933,185.3999939,29119500
MSFT,22/5/2020,183.5099945,183.5099945,184.4600067,182.5399933,183.1900024,20826900
MSFT,26/5/2020,181.5700073,181.5700073,186.5,181.1000061,186.3399963,36073600
MSFT,27/5/2020,181.8099976,181.8099976,181.9900055,176.6000061,180.1999969,39517100
MSFT,28/5/2020,181.3999939,181.3999939,184.1499939,180.3800049,180.7400055,33810200
MSFT,29/5/2020,183.25,183.25,184.2700043,180.4100037,182.7299957,42146700
MSFT,1/6/2020,182.8300018,182.8300018,183,181.4600067,182.5399933,22622400
MSFT,2/6/2020,184.9100037,184.9100037,185,181.3500061,184.25,30794600
MSFT,3/6/2020,185.3600006,185.3600006,185.9400024,183.5800018,184.8200073,27311000
MSFT,4/6/2020,182.9199982,182.9199982,185.8399963,182.3000031,184.3000031,28761800
MSFT,5/6/2020,187.1999969,187.1999969,187.7299957,182.0099945,182.6199951,39893600
MSFT,8/6/2020,188.3600006,188.3600006,188.5500031,184.4400024,185.9400024,33211600
MSFT,9/6/2020,189.8000031,189.8000031,190.6999969,187.2599945,188,29783900
MSFT,10/6/2020,196.8399963,196.8399963,198.5200043,191.0099945,191.1300049,43872300
MSFT,11/6/2020,186.2700043,186.2700043,195.7599945,186.0700073,193.1300049,52854700
MSFT,12/6/2020,187.7400055,187.7400055,191.7200012,185.1799927,190.5399933,43345700
MSFT,15/6/2020,188.9400024,188.9400024,190.8200073,184.0099945,184.5800018,32770200
MSFT,16/6/2020,193.5700073,193.5700073,195.5800018,191.4600067,192.8899994,42556700
MSFT,17/6/2020,194.2400055,194.2400055,196.3200073,193.6900024,195.0299988,25655900
MSFT,18/6/2020,196.3200073,196.3200073,196.4900055,194,194,23061600
MSFT,19/6/2020,195.1499939,195.1499939,199.2899933,194.3699951,198.5899963,44441100
MSFT,22/6/2020,200.5700073,200.5700073,200.7599945,195.2299957,195.7899933,32818900
MSFT,23/6/2020,201.9100037,201.9100037,203.9499969,201.4299927,202.0899963,30917400
MSFT,24/6/2020,197.8399963,197.8399963,203.25,196.5599976,201.6000061,36740600
MSFT,25/6/2020,200.3399963,200.3399963,200.6100006,195.4700012,197.8000031,27803900
MSFT,26/6/2020,196.3300018,196.3300018,199.8899994,194.8800049,199.7299957,54675800
MSFT,29/6/2020,198.4400024,198.4400024,198.5299988,193.5500031,195.7799988,26701600
MSFT,30/6/2020,203.5099945,203.5099945,204.3999939,197.7400055,197.8800049,34310300